{
    "bestBrain": "{\"layers\":[{\"inputs\":[0.5300770200415783,0.0919672162360794,0,0,0],\"outputs\":[0,0,0,1,1,1],\"biases\":[0.10537859727060728,0.32102643539278464,0.13846992217473997,0.06991412528403504,-0.2981028691183179,-0.3035523210809397],\"weights\":[[-0.48449322285896607,0.4408942656836302,-0.10430551145794623,0.2968534345204643,0.2548894401215974,-0.028374467771270367],[-0.3545665030849636,0.5102894988907897,-0.038250241631018984,0.2289746806731851,0.24746337338676783,0.07797372284867315],[0.5554907147828473,0.22425787333603475,-0.30630929857656247,0.45124770422638905,-0.13206560134350895,0.2951644989629131],[-0.16370943906746183,-0.40300920738692336,-0.3899158152049776,0.13235584993100025,-0.4257212147378666,0.10714665437519205],[0.027243079738023243,-0.1288638788654949,-0.0031004674027703127,0.24294387209420648,-0.29411832487893363,-0.05108859052175224]]},{\"inputs\":[0,0,0,1,1,1],\"outputs\":[1,1,0,0],\"biases\":[-0.16815326397003277,0.1916616477997575,-0.10629061024572331,0.08152487633673353],\"weights\":[[0.0706955312671931,0.11292164437350065,0.3052369771367153,0.24005164233991563],[0.5357503268195212,-0.4423938065635287,0.41355782893142634,-0.06415585681885426],[-0.08719875033393726,0.26400648294929746,0.017246939163324926,-0.3785051208200018],[-0.0014125540781968204,0.5403181679107227,0.2279138250528156,-0.045580936441336845],[-0.07138164932819661,0.22558295453784533,0.1182072162838364,0.082261884696296],[0.4911697517457683,-0.18707891814650876,-0.4796606791248284,-0.014496109607873939]]}]}"
}